idPedido,idItem
231222/003,000227
231222/003,000558
231222/003,000950
231222/003,001660
231222/003,002461
231222/003,002803
231222/003,002804
231226/001,000708
231226/001,000791
231226/001,000870
231226/001,000871
231226/001,000905
231226/001,001214
231226/001,001843
231226/001,001844
231226/001,001848
231226/001,001852
231222/005,000459 
231222/005,001204 
231222/005,001281 
231224/001,002546 
231224/001,002794 
240105/001,000017
240105/001,000052 
240105/001,000077 
240105/001,000430 
240105/001,001090
240105/001,001230 
240105/001,001618 
240105/001,001623
240105/001,001628 
240105/001,001894
240105/001,002117 
240105/001,002255 
240105/002,000051 
240105/002,000120 
240105/002,000311 
240105/002,000353 
240105/002,000354 
240105/002,000362 
240105/002,000697 
240105/002,000716 
240105/002,000769 
240105/002,000921
240105/002,000926 
240105/002,001031
240105/002,001040
240105/002,001149 
240105/002,001227 
240105/002,001234
240105/002,001376 
240105/002,001388 
240105/002,001504
240105/002,001541
240105/002,001958 
240105/002,002084 
240105/002,002278 
240105/002,002609 
240105/002,002715 
240105/002,002754 
240105/002,002759 
240105/002,002764 
240105/002,000229 
240105/003,002433 
240105/004,000767 
240105/004,001804 
240105/005,001402 
240105/005,002238 
240105/005,002240 
240105/005,002243 
240105/005,002248 
240105/005,002253 
240105/005,002333 
240105/005,002769 
240105/006,000021
240105/006,000919 
240105/006,000920 
240105/006,000949 
240105/006,001057
240105/006,001075
240105/006,001617 
240105/006,002076 
240105/006,002139 
240105/006,002410
240105/006,002597 
240106/002,000045 
240106/002,000266 
240106/002,000524 
240106/002,000720 
240106/002,001070
240106/002,001622
240106/002,001703 
240106/002,001987 
240106/002,002251 
240106/001,000558
240106/001,000928 
240106/001,000950 
240106/001,001369 
240106/001,001524 
240106/001,001525 
240106/001,001526 
240106/001,001595 
240106/001,001696 
240106/001,001702 
240106/001,001923 
240106/001,002246 
240106/001,002283 
240106/001,002472 
240106/001,002537 
240108/001,000007 
240108/001,000128 
240108/001,000190 
240108/001,000264 
240108/001,000365 
240108/001,000788 
240108/001,001360 
240108/001,001399 
240108/001,001503
240108/001,002464 
240108/001,002588 
240108/001,002756 
240108/001,002761 
240109/001,001076
240109/001,001394
240109/001,001843 
240109/001,001844 
240109/001,001848
240109/001,002116 
240109/001,002497 
240109/001,002519 
240111/001,001390
240111/001,002549 
240111/001,002550 
240111/001,002551 
240111/001,002563 
240111/001,002565 
240111/001,002568
240111/001,002579
240111/001,002581
240111/001,002582
240111/001,002583 
240111/001,002584 
240111/001,002586
240111/001,002587 
240111/001,002588 
240111/001,002589 
240111/001,002590 
240111/001,002591 
240111/001,002592
240111/001,002594
240111/002,000384 
240111/002,001288 
240111/002,001805 
240111/002,002321 
240111/002,002322
240111/002,002323 
240111/002,002492
240112/001,001167 
240112/001,001352 
240112/001,001475 
240112/001,001533 
240112/001,001624
240112/001,002009 
240112/001,002075 
240112/001,002249 
240112/001,002317 
240112/001,002319 
240112/001,002320 
240112/001,002498 
240112/001,002499 
240112/001,002503 
240112/001,002508 
240112/001,002509 
240112/002,000923
240112/002,001354 
240112/002,001380 
240112/002,001474
240112/002,002449
240123/001,000384 
240123/001,000421 
240123/001,000745 
240123/001,000811 
240123/001,000917
240123/001,001288 
240123/001,001404
240123/001,001450 
240123/001,001509
240123/001,001809 
240123/001,001836 
240123/001,001989 
240123/001,002005
240123/001,002132 
240123/001,002141 
240123/001,002142 
240123/001,002143
240123/001,002144 
240123/001,002200 
240123/001,002246 
240123/001,002267 
240123/001,002269
240123/001,002275 
240123/001,002284 
240123/001,002295 
240123/001,002321 
240123/001,002558 
240123/001,002590 
240123/001,002591 
240123/001,002766 
240123/001,002784 
240117/003,000875 
240117/003,000921
240117/003,001381 
240117/003,001382 
240117/003,001416 
240117/003,001456
240117/003,001474
240117/003,002103
240118/001,000699 
240118/001,001650 
240118/001,002133 
240118/001,002238 
240118/001,002258 
240118/001,002277 
240118/001,002439
240118/001,002446 
240119/001,001394
240119/001,002116 
240119/001,002497 
240119/001,002519 
240119/001,002520 
240119/001,002788 
240119/003,000033 
240119/003,000362 
240119/003,000695 
240119/003,001640 
240119/003,001851 
240119/003,002307 
240119/003,002576
240119/004,000025 
240119/004,002316 
240119/004,002449
240119/004,002500 
240119/004,002501 
240119/004,002517 
240119/004,002561 
240119/004,002615 
240119/004,002659 
240119/005,000026
240119/005,000077 
240119/005,000078 
240119/005,000166 
240119/005,000430 
240119/005,000458 
240119/005,000634 
240119/005,000974 
240119/005,001050
240119/005,001067
240119/005,001068
240119/005,001230 
240119/005,001240 
240119/005,001623
240119/005,001628 
240119/005,001649 
240119/005,001880 
240119/005,001881 
240119/005,001894
240119/005,001935 
240119/005,001936 
240119/005,002571 
240119/005,002767 
240119/005,002768 
240119/005,000504 
240120/003,000405
240120/003,001353 
240120/003,002749
240120/005,000362 
240120/005,001113 
240120/005,001703 
240120/002,000036 
240120/002,000510 
240120/002,000648 
240120/002,000649
240120/002,001033
240120/002,001041
240120/002,001087 
240120/002,001217
240120/002,001305 
240120/002,001607 
240120/002,001712 
240120/002,001718 
240120/002,002074 
240120/002,002125 
240120/002,002267 
240120/002,002273 
240120/002,002304 
240120/002,002334 
240125/001,000522 
240125/001,001259 
240125/001,001260 
240125/001,001262 
240125/001,001263 
240125/001,001807 
240127/001,000422 
240127/001,000440 
240127/001,000527 
240127/001,000705 
240127/001,000716 
240127/001,000745 
240127/001,000759 
240127/001,000869 
240127/001,000902 
240127/001,000921
240127/001,000973
240127/001,001144 
240127/001,001149
240127/001,001150
240127/001,001164 
240127/001,001189 
240127/001,002292 
240127/001,002748 
240126/001,000095 
240126/001,000695 
240126/001,000764 
240126/001,001386
240126/001,001390
240126/001,001471 
240126/001,001521 
240126/001,001714 
240126/001,001717 
240126/001,001847
240126/001,001928 
240126/001,001987 
240126/001,001993 
240126/001,002011
240126/001,002582
240126/002,000079 
240126/002,000117 
240126/002,000192 
240126/002,000286
240126/002,000384 
240126/002,000419
240126/002,000646 
240126/002,000648 
240126/002,000649
240126/002,000800 
240126/002,000877 
240126/002,001033
240126/002,001034
240126/002,001035
240126/002,001040
240126/002,001044
240126/002,001049
240126/002,001288 
240126/002,001698 
240126/002,002014 
240126/002,002074 
240126/002,002125 
240126/002,002132 
240126/002,002197 
240126/002,002267 
240126/002,002321 
240126/002,002322
240126/002,002516 
240126/002,002517 
240126/002,002714 
240127/004,000090 
240127/004,000787 
240127/004,000928 
240127/004,001019 
240127/004,001380 
240127/004,001401 
240127/004,001712 
240127/004,001935 
240127/004,001955 
240127/004,002246 
240127/004,002252 
240127/004,002258 
240127/004,002309 
240127/004,002428 
240127/005,000702 
240127/005,001217
240127/005,001607 
240127/005,002087 
240127/005,002089 
240127/005,002091 
240127/005,002093 
240127/005,002201
240127/005,002810 
240127/005,002811 
240202/002,001018 
240202/002,001040
240202/002,002074 
240202/002,002138 
240202/002,002237 
240202/002,002714 
240202/002,002791 
240202/001,000086 
240202/001,000405
240202/001,000695 
240202/001,001509
240202/003,000696 
240202/003,000745 
240202/003,000791 
240202/003,000827 
240202/003,000828 
240202/003,000869 
240202/003,001227 
240202/003,001229
240202/003,001619 
240202/003,001807 
240202/003,001808 
240202/003,002132 
240202/003,002146 
240202/003,002292 
240202/003,002584 
240202/004,001189 
240202/005,000035 
240202/005,000042 
240202/005,000914 
240202/005,001369 
240202/005,001500 
240202/005,001501
240202/005,001720 
240202/005,001858 
240202/005,002171 
240202/005,002254 
240202/005,002334 
240202/005,002538 
240202/005,002539 
240202/005,002576
240203/001,000025 
240203/001,000112 
240203/001,000384 
240203/001,000511 
240203/001,000587 
240203/001,000695 
240203/001,000701 
240203/001,000917
240203/001,000947 
240203/001,000998 
240203/001,001012 
240203/001,001357 
240203/001,001358 
240203/001,001622
240203/001,002115 
240203/001,002122 
240203/001,002151 
240203/001,002280 
240203/001,002320 
240203/001,002321 
240203/001,002322
240203/001,002425 
240203/001,002433 
240203/001,002439
240203/001,002449
240203/001,002454 
240203/001,002517 
240203/001,002522 
240203/001,002605 
240203/001,002749
240203/001,002753 
240203/002,000928 
240203/002,001044
240203/002,001217
240203/002,001381 
240203/002,001607 
240203/002,001711 
240203/002,002014 
240203/002,002086 
240203/002,002089 
240203/002,002090 
240203/002,002091 
240203/002,002093 
240204/001,000440 
240204/001,001164 
240204/001,001534 
240204/001,002277 
240204/002,000362 
240203/003,000266 
240203/003,000437 
240203/003,000590 
240203/003,000697 
240203/003,000716 
240203/003,000745 
240203/003,000758 
240203/003,001032
240203/003,001150
240203/003,001187 
240203/003,002134
240203/003,002232 
240203/003,002760 
240203/004,001511 
240203/004,002043 
240203/004,002374 
240209/001,000419 
240209/001,000421 
240209/001,001712 
240215/002,000034 
240215/002,000041 
240215/002,000758 
240215/002,000977 
240215/002,001497 
240215/002,001514 
240215/002,001850
240215/001,001390
240215/001,002546 
240215/001,002568
240215/001,002572 
240215/001,002579
240215/001,002589 
240215/001,002590 
240215/001,002591 
240215/001,002610 
240216/001,000787 
240216/001,000866 
240216/001,000875 
240216/001,000914 
240216/001,000921
240216/001,000924 
240216/001,000926 
240216/001,000949 
240216/001,001416 
240216/001,001636 
240216/001,001645
240216/001,001810
240216/001,001851 
240216/001,001936 
240216/001,002074 
240216/001,002132 
240216/001,002142 
240216/001,002171 
240216/001,002219
240216/001,002230
240216/001,002277 
240216/001,002309 
240216/001,002549 
240216/001,002583 
240216/001,002716 
240216/002,000212 
240216/002,000383 
240216/002,000745 
240216/002,000784 
240216/002,000874 
240216/002,001807 
240216/002,001808 
240216/002,001809 
240216/002,002077 
240216/002,002134
240216/002,002143
240216/002,002144 
240216/002,002246 
240216/002,002248 
240216/002,002283 
240216/002,002516 
240216/002,002563 
240216/002,002581
240216/002,002589 
240216/002,002590 
240216/002,002591 
240216/002,002646 
240216/002,002753 
240216/002,002759 
240216/002,002768 
240216/003,001232 
240216/003,001474
240216/003,001481
240216/003,001510
240216/003,001511 
240216/003,001622
240216/003,001624
240216/003,001703 
240216/003,002103
240216/003,002135
240216/003,002136 
240216/003,002251 
240216/003,002252 
240216/003,002319 
240216/003,002320 
240216/003,002425 
240216/003,002522 
240216/003,002606 
240216/004,000038 
240216/004,000088 
240216/004,000876 
240216/004,000877 
240216/004,000928 
240216/004,001044
240216/004,001217
240216/004,001348
240216/004,001381 
240216/004,001393
240216/004,001607 
240216/004,001711 
240216/004,001712 
240216/004,001923 
240216/004,001972 
240216/004,001985 
240216/004,001998 
240216/004,002005
240216/004,002074 
240216/004,002087 
240216/004,002088 
240216/004,002089 
240216/004,002091 
240216/004,002093 
240216/004,002256 
240216/004,002267 
240216/004,002304 
240216/004,002810 
240216/007,000192 
240216/007,000757 
240216/007,000800 
240216/007,000871 
240216/007,001617 
240216/007,001843 
240216/007,001848
240216/009,001076
240216/009,002824 
240216/009,002825 
240216/009,002827 
240216/009,002828 
240217/002,000017
240217/002,000027 
240217/002,000032 
240217/002,000036 
240217/002,000039 
240217/002,000072 
240217/002,000090 
240217/002,000112 
240217/002,000117 
240217/002,000130 
240217/002,000131 
240217/002,000343 
240217/002,000344 
240217/002,000511 
240217/002,000558
240217/002,000715
240217/002,000737 
240217/002,000783 
240217/002,000785
240217/002,000922 
240217/002,000950 
240217/002,000998 
240217/002,001011 
240217/002,001012
240217/002,001204 
240217/002,001206
240217/002,001217
240217/002,001285 
240217/002,001288 
240217/002,001378 
240217/002,001379 
240217/002,001422
240217/002,001456
240217/002,001563 
240217/002,002322
240217/002,002323 
240217/003,000020
240217/003,000035 
240217/003,000042 
240217/003,000324 
240217/003,000351 
240217/003,000358 
240217/003,000386 
240217/003,000405
240217/003,000698 
240217/003,000790 
240217/003,001025
240217/003,001293 
240217/003,001392
240217/003,001501
240217/003,001505
240217/003,001506 
240217/003,001515 
240217/003,001571 
240217/003,001720 
240217/003,002285 
240217/003,002434 
240217/003,002504 
240217/003,002505 
240217/003,002529 
240217/003,002756 
240218/001,000033 
240218/001,000322 
240218/001,000361 
240218/001,000695 
240218/001,000706 
240218/001,001027
240218/001,001284 
240218/001,001296 
240218/001,001362 
240218/001,001368 
240218/001,001369 
240218/001,001375 
240218/001,001380 
240218/001,001404
240218/001,001621 
240218/001,001858 
240218/001,001924 
240218/001,001982 
240218/001,001988 
240218/001,001995 
240218/001,002254 
240218/001,002276 
240218/001,002432 
240218/001,002471 
240218/002,000018 
240218/002,000279
240218/002,000317 
240218/002,000745 
240218/002,000811 
240218/002,001002 
240218/002,001003 
240218/002,001101 
240218/002,001131
240218/002,001189 
240218/002,001462 
240218/002,001496 
240218/002,001534 
240218/002,001805 
240218/002,001955 
240218/002,002084 
240218/002,002269
240218/002,002321 
240218/002,002538 
240218/003,001364 
240218/003,001623
240218/003,001894
240218/003,002117 
240218/003,002566 
240228/001,000215
240228/001,000705 
240228/001,001054
240228/001,001071
240228/001,001072
240228/001,001082 
240228/001,001138 
240228/001,001513 
240228/001,001585 
240228/001,001791 
240228/001,001792 
240228/001,001793 
240228/001,002334 
240214/001,000025 
240214/001,000695 
240214/001,001069
240214/001,001354 
240214/001,001356 
240214/001,001357 
240214/001,001358 
240214/001,001393
240214/001,001452
240214/001,001477 
240214/001,001567 
240214/001,001653 
240214/001,001655 
240214/001,001701 
240214/001,001862 
240214/001,002004
240214/001,002043 
240214/001,002110
240214/001,002119
240214/001,002122 
240214/001,002147
240214/001,002148 
240214/001,002150 
240214/001,002195 
240214/001,002196 
240214/001,002374 
240214/001,002433 
240214/001,002449
240214/001,002746 
240214/001,002749
240214/001,002766 
240220/001,000019
240220/001,000647 
240220/001,000745 
240220/001,001204 
240220/001,001971 
240220/001,001973 
240220/001,001974 
240220/001,001976 
240220/001,002132 
240222/001,000015 
240222/001,000757 
240222/001,000914 
240222/001,000949 
240222/001,001366 
240222/001,001584 
240222/001,001983 
240222/001,002131 
240222/001,002242 
240216/006,000080 
240216/006,000510 
240216/006,000678
240216/006,000926 
240216/006,000928 
240216/006,001053
240216/006,001055
240216/006,001288 
240216/006,001380 
240216/006,001721
240216/006,002664 
240216/006,002665 
240223/002,000505
240223/002,000551 
240223/002,000632 
240223/002,001067
240223/002,001399 
240223/002,001711 
240223/002,001724 
240223/002,001832 
240223/002,002140 
240223/003,001076
240223/003,001297 
240223/003,001716 
240223/003,002074 
240223/003,002133 
240223/003,002316 
240223/003,002503 
240223/003,002511 
240223/003,002580
240224/003,000383 
240224/003,000437 
240224/003,000452 
240224/003,000523 
240224/003,000528
240224/003,000571
240224/003,000590 
240224/003,000591 
240224/003,000685 
240224/003,000695 
240224/003,000708 
240224/003,000715
240224/003,000791 
240224/003,000998 
240224/003,001204 
240224/003,001293 
240224/003,001353 
240224/003,001376 
240224/003,001466
240224/003,001467 
240224/003,001468 
240224/003,001471 
240224/003,001543
240224/003,002431
240225/001,002075 
240225/002,000306 
240225/002,000632 
240225/002,000745 
240225/002,000972
240225/002,001205 
240225/002,001214 
240225/002,001360 
240225/002,001620 
240225/002,002144 
240225/002,002219
240225/002,002230
240225/002,002274 
240225/002,002276 
240225/002,002277 
240225/002,002563 
240225/002,002847
240225/002,002848
240225/002,002849 
240225/002,002850 
240227/001,000220 
240227/001,000222 
240301/003,000972 
240301/003,001481
240301/003,001988 
240301/003,001996 
240301/003,002275 
240301/003,002276 
240301/003,002333 
240301/003,002433 
240301/003,002471 
240301/003,002590 
240301/003,002591 
240301/003,002660 
240301/003,002844 
240301/003,002867 
240301/003,002868 
240301/001,000143
240301/001,000329
240301/001,000362 
240301/001,000373 
240301/001,000721
240301/001,000859 
240301/001,000976 
240301/001,001027
240301/001,001035
240301/001,001112
240301/001,001217
240301/001,002127
240301/001,002432 
240301/001,002464 
240301/001,002757 
240301/002,000020
240301/002,000056 
240301/002,000323 
240301/002,000386 
240301/002,000528
240301/002,000974 
240301/002,001217
240301/002,001500 
240301/002,001516 
240301/002,001854 
240301/002,001858 
240301/002,001992 
240301/002,001995 
240301/002,002201
240301/002,002237 
240301/002,002285 
240301/002,002375 
240301/002,002473 
240301/002,002504 
240301/002,002505 
240301/002,002709 
240301/002,002710 
240301/002,002746 
240301/002,002756 
240301/004,000362 
240302/001,000036 
240302/001,000309 
240302/001,000361 
240302/001,000378 
240302/001,000379 
240302/001,000407 
240302/001,000414 
240302/001,000421 
240302/001,000562 
240302/001,000695 
240302/001,000716 
240302/001,000745 
240302/001,000865 
240302/001,000921
240302/001,000928 
240302/001,001149 
240302/001,001150
240302/001,001204 
240302/001,001299 
240302/001,001352 
240302/001,001380 
240302/001,001384 
240302/001,001404
240302/001,001430 
240302/001,001617 
240302/001,001882 
240302/001,001989 
240302/001,001994 
240302/001,002129 
240302/001,002142 
240302/001,002144 
240302/001,002243 
240302/001,002248 
240302/001,002254 
240302/001,002273 
240302/001,002277 
240302/001,002278 
240302/001,002321 
240302/001,002330 
240302/001,002331 
240302/001,002373 
240302/001,002543 
240302/001,002553 
240302/001,002609 
240302/001,002721 
240302/001,002747 
240302/001,002754 
240302/001,002764 
240302/001,002767 
240302/001,002784 
240302/002,001170 
240302/002,001171 
240302/002,001927 
240302/002,002242 
240302/002,002247 
240302/002,002249 
240302/002,002313 
240302/002,002316 
240302/002,002449
240302/002,002459 
240302/002,002492
240302/002,002493
240302/002,002498 
240302/002,002503 
240302/002,002508 
240302/002,002510 
240302/002,002511 
240302/002,002516 
240302/002,002517 
240302/002,002523 
240302/002,002555 
240302/002,002561 
240302/002,002661 
240302/005,001483 
240302/005,001622
240302/005,001634 
240302/005,001637 
240302/005,001642
240302/005,001643
240302/005,001997 
240302/005,002115 
240302/006,001113 
240302/006,001703 
240302/006,002322
240313/001,000051 
240313/001,000449 
240313/001,000697 
240313/001,000787 
240313/001,001187 
240313/001,001229
240313/001,001234
240313/001,001388 
240313/001,001499 
240313/001,001845 
240313/001,002129 
240313/001,002185 
240313/001,002863 
240303/002,000920 
240303/002,000964 
240303/002,002410 
240303/002,002559 
240303/002,002567 
240303/002,002758 
240303/002,002760 
240302/004,000253 
240302/004,000405
240302/004,000698 
240302/004,001497 
240302/004,001515 
240302/004,001714 
240302/004,002318 
240302/004,002499 
240302/004,002779 
240304/001,000197 
240304/001,000704 
240304/001,001471 
240304/001,001476 
240304/001,001513 
240304/001,001521 
240304/001,002218
240304/001,002246 
240304/001,002296 
240304/001,002520 
240304/001,002522 
240304/001,002615 
240304/001,002616 
240304/001,002788 
240304/001,002845 
240304/001,002889 
240303/001,000039 
240303/001,000384 
240303/001,000745 
240303/001,000921
240303/001,001131
240303/001,001206
240303/001,001288 
240303/001,001404
240303/001,001509
240303/001,001517 
240303/001,001525 
240303/001,001526 
240303/001,001541
240303/001,001696 
240303/001,001809 
240303/001,001836 
240303/001,002132 
240303/001,002141 
240303/001,002142 
240303/001,002200 
240303/001,002246 
240303/001,002267 
240303/001,002269
240303/001,002283 
240303/001,002295 
240303/001,002446 
240303/001,002767 
240303/001,002869 
240303/001,002874 
240308/001,000197 
240308/001,000698 
240308/001,000917
240308/001,001168 
240308/001,001293 
240308/001,001402 
240308/001,001403
240308/001,001621 
240308/001,002084 
240308/001,002147
240308/001,002148 
240308/001,002242 
240308/001,002247 
240308/001,002333 
240308/001,002499 
240308/001,002503 
240308/001,002508 
240308/001,002511 
240308/001,002546 
240308/001,002547 
240308/001,002557 
240308/001,002569 
240308/001,002571 
240308/001,002590 
240308/001,002591 
240308/001,002751 
240308/001,002752 
240308/001,002755 
240308/001,002760 
240308/001,002765 
240308/001,002766 
240308/002,001204 
240308/002,001376 
240308/002,001533 
240308/002,001622
240308/002,001624
240308/002,001643
240308/002,001648 
240308/002,001661 
240308/002,001989 
240308/002,002580
240308/002,002843 
240308/002,002892 
240308/003,001474
240308/003,001481
240308/003,001510
240308/003,001511 
240308/003,001703 
240308/003,001853 
240308/003,001987 
240308/003,002103
240308/003,002251 
240308/003,002316 
240308/003,002449
240308/003,002548 
240308/003,002599 
240308/003,002866 
240308/004,000525 
240308/004,001052
240308/004,001594 
240308/004,001982 
240308/004,002143
240308/004,002459 
240308/004,002844 
240308/004,002853 
240308/006,002074 
240308/007,000020
240308/007,000225 
240308/007,000699 
240308/007,000786 
240308/007,001304 
240308/007,001497 
240308/007,001516 
240308/007,001655 
240308/007,001851 
240308/007,001858 
240308/007,001970 
240308/007,002254 
240308/007,002307 
240308/007,002334 
240308/008,000029 
240308/008,000705 
240308/008,000921
240308/008,000963
240308/008,001227 
240308/008,001229
240308/008,001374 
240308/008,001637 
240308/008,002074 
240308/008,002292 
240308/008,002873 
240308/008,002876 
240308/009,000649
240308/009,000692 
240308/009,000705 
240308/009,000790 
240308/009,000877 
240308/009,001096 
240308/009,001287 
240308/009,001985 
240308/009,002125 
240308/009,002357 
240309/003,000362 
240309/003,001380 
240309/003,001861 
240309/003,002006
240309/003,002570
240309/001,000627 
240316/001,002374 
240316/001,002433 
240316/001,002663 
240315/001,000357 
240315/001,000974 
240315/004,000129 
240315/004,000143
240315/004,000215
240315/004,000264 
240315/004,001067
240315/004,001353 
240315/004,001399 
240315/004,001473
240315/004,002201
240315/004,002279 
240317/002,000784 
240317/002,001621 
240317/002,001808 
240317/002,001953 
240317/002,002012 
240317/002,002043 
240317/002,002143
240317/002,002144 
240317/002,002549 
240317/002,002553 
240315/002,000320 
240315/002,000359 
240315/002,000923
240315/002,000990 
240315/002,000993 
240315/002,001108 
240315/002,001217
240315/002,001359 
240315/002,001391 
240315/002,001508 
240315/002,001703 
240315/002,002147
240315/002,002307 
240315/002,002585 
240315/002,002758 
240315/003,000022
240315/003,000054 
240315/003,000698 
240315/003,001392
240315/003,001471
240315/003,001515 
240315/003,001521 
240315/003,001749 
240315/003,002148 
240315/003,002150 
240315/003,002316 
240315/003,002332 
240315/003,002415 
240315/003,002510 
240315/003,002516 
240315/003,002568 
240315/003,002582
240315/003,002860 
240315/005,000779 
240315/005,001113 
240315/005,001476 
240315/005,002009 
240315/005,002096 
240315/005,002243 
240315/005,002246 
240315/005,002248 
240315/005,002581
240315/005,002583 
240315/005,002856 
240315/005,002864 
240315/005,002869 
240315/005,002874 
240315/005,002883 
240315/006,000914 
240315/006,000925 
240315/006,000972 
240315/006,001533 
240315/006,001996 
240315/006,001997 
240315/006,002517 
240315/006,002580
240315/006,002757 
240315/009,000705 
240315/009,001232 
240315/009,001394
240315/009,001511 
240315/009,002247 
240315/009,002252 
240315/009,002508 
240315/009,002519 
240315/009,002615 
240315/009,002852 
240315/009,002916 
240315/010,000208 
240315/010,000210 
240315/010,000695 
240315/010,000764 
240315/010,000770 
240315/010,000964 
240315/010,000989 
240315/010,001297 
240315/010,001390
240315/010,001542 
240315/010,001714 
240315/010,001717 
240315/010,001854 
240315/010,002011 
240315/010,002278 
240315/010,002376 
240315/010,002552 
240315/010,002564 
240315/010,002568 
240315/010,002659 
240315/010,002858 
240315/010,002870 
240315/010,002875 
240315/011,000007 
240315/011,000008 
240315/011,000035 
240315/011,000143
240315/011,000365 
240315/011,000528
240315/011,000864 
240315/011,001360 
240315/011,001771 
240315/011,001982 
240315/011,002000 
240315/011,002004
240315/011,002007
240315/011,002074 
240315/011,002273 
240315/011,002434 
240315/011,002438
240315/011,002464 
240315/011,002529 
240315/011,002539 
240315/011,002646 
240316/002,000253 
240316/002,000632 
240316/002,001622
240316/002,001624
240316/002,001716 
240316/002,001717 
240316/002,001928 
240316/002,001986 
240316/002,002011 
240316/002,002318 
240316/002,002449
240316/002,002499 
240316/002,002511 
240316/002,002547 
240316/002,002555 
240316/002,002561 
240316/005,000055 
240316/005,000193 
240316/005,000197 
240316/005,000198 
240316/005,000358 
240316/005,000405
240316/005,001004 
240316/005,001217
240316/005,001322 
240316/005,001380 
240316/005,001405 
240316/005,001712 
240316/005,002242 
240316/005,002249 
240316/005,002504 
240316/005,002802 
240315/008,000077 
240315/008,000078 
240315/008,000948 
240315/008,001623
240315/008,002114 
240315/008,002218
240315/008,002520 
240315/008,002542 
240315/008,002566 
240317/001,000949 
240317/001,001070
240317/001,001071
240317/001,001474
240317/001,001584 
240317/001,001927 
240317/001,001984 
240317/001,001988 
240317/001,001991 
240317/001,002074 
240317/001,002431
240317/001,002459 
240317/001,002471 
240317/001,002778 
240317/001,002779 
240317/001,002790
240317/001,002857 
240317/001,002865 
240317/001,000627 
240318/001,000088 
240318/001,000216 
240318/001,000289 
240318/001,000648 
240318/001,001072
240318/001,001098 
240318/001,002010 
240321/001,002074 
240323/001,000007 
240323/001,000035 
240323/001,000128 
240323/001,000129 
240323/001,000143
240323/001,000365 
240323/001,000373 
240323/001,000528
240323/001,000698 
240323/001,000864 
240323/001,001360 
240323/001,001508 
240323/001,001771 
240323/001,001982 
240323/001,001990 
240323/001,002001 
240323/001,002004
240323/001,002007
240323/001,002273 
240323/001,002434 
240323/001,002438
240323/001,002464 
240323/001,002529 
240323/001,002538 
240323/001,002539 
240323/001,002609 
240322/002,001369 
240322/002,001370 
240322/002,001391 
240322/002,001642
240322/002,002530 
240322/002,002547 
240322/002,002844 
240322/002,002854 
240322/002,002940 
240322/002,002953 
240322/002,002954 
240322/002,002967 
240322/002,002968 
240322/002,002976 
240322/003,000287
240322/003,000570 
240322/003,001049
240322/003,001585 
240322/003,001845 
240322/003,001856 
240322/003,002185
240322/003,002568 
240323/003,000649
240323/003,000716 
240323/003,000791 
240323/003,000902 
240323/003,001019 
240323/003,001035
240323/003,001036
240323/003,001243 
240323/003,001288 
240323/003,001509
240323/003,001524 
240323/003,001525 
240323/003,001526 
240323/003,001595 
240323/003,001696 
240323/004,001204 
240324/001,000422 
240324/001,000720 
240324/001,001093
240324/001,001513 
240324/001,001620 
240324/001,001701 
240324/001,002109 
240324/001,002121 
240324/001,002151 
240326/001,000362 
240326/001,000917
240326/001,001467
240326/001,001471
240326/001,001475 
240326/001,001521 
240326/001,001671 
240326/001,001991 
240326/001,001997 
240326/001,002147
240326/001,002149 
240326/001,002237 
240326/001,002250 
240326/001,002334 
240326/001,002376 
240326/001,002444 
240326/001,002498 
240326/001,002499 
240326/001,002514 
240326/001,002554 
240326/001,002562 
240326/001,002564 
240326/001,002571 
240326/001,002573
240326/001,002616 
240326/001,002760 
240326/001,002843 
240326/001,002893
240326/001,002917 
240323/002,000921
240323/002,000924 
240323/002,001170 
240323/002,001171 
240323/002,001206
240323/002,001474
240323/002,001645
240323/002,001805 
240323/002,001810
240323/002,001923 
240323/002,002002 
240323/002,002103
240323/002,002277 
240323/002,002321 
240323/002,002549 
240323/002,002583 
240323/002,002715 
240323/005,001619 
240323/005,002132 
240323/005,002135
240323/005,002520 
240323/005,002548 
240323/005,002824 
240323/005,002892 
240328/001,000022
240328/001,000745 
240328/001,001149 
240328/001,001229
240328/001,001619 
240328/001,001631 
240328/001,001637 
240328/001,001640 
240328/001,001643
240328/001,001650 
240328/001,001654 
240328/001,001661 
240328/001,001671 
240328/001,001983 
240328/001,002014 
240328/001,002976 
240328/002,000021
240328/002,000056 
240328/002,000324 
240328/002,000632 
240328/002,000650 
240328/002,000789 
240328/002,000964 
240328/002,000989 
240328/002,001046
240328/002,001399 
240328/002,001497 
240328/002,001858 
240328/002,002449
240328/002,002758 
240328/003,001024
240328/003,001064
240328/003,001810
240328/003,002256 
240328/003,002268 
240328/003,002859 
240328/003,002861 
240330/001,002277 
240330/001,002540 
240330/001,002565 
240330/001,002582
240330/001,002822 
240330/001,002856 
240405/005,001771 
240405/005,001982 
240405/005,001992 
240405/005,002130 
240405/005,002334 
240405/005,002757 
240405/005,002855 
240405/005,002863 
240405/005,002925 
240405/005,002936 
240405/005,002942
240405/005,002946 
240405/005,002947 
240405/005,002948 
240407/001,000034 
240407/001,001390
240407/001,001514 
240407/001,001515 
240407/001,001516 
240407/001,002545 
240407/001,002546 
240407/001,002568
240407/001,002571 
240407/001,002572 
240407/001,002579
240407/001,002585 
240407/001,002589 
240407/001,002590 
240407/001,002591 
240407/001,002593 
240407/001,002595 
240407/001,002597 
240407/001,002609 
240407/001,002829 
240407/001,002830 
240407/001,002859 
240407/001,002861 
240405/004,000378 
240405/004,000379 
240405/004,000407 
240405/004,000421 
240405/004,000562 
240405/004,000695 
240405/004,000745 
240405/004,000865 
240405/004,000921
240405/004,001150
240405/004,001299 
240405/004,001352 
240405/004,001380 
240405/004,001384 
240405/004,001430 
240405/004,001882 
240405/004,002144 
240405/004,002243 
240405/004,002248 
240405/004,002254 
240405/004,002273 
240405/004,002321 
240405/004,002330 
240405/004,002331 
240405/004,002373 
240405/004,002610 
240405/004,002721 
240405/004,002747 
240405/004,002754 
240405/004,002764 
240405/004,002784 
240405/006,000141 
240405/006,000143
240405/006,000309 
240405/006,000329
240405/006,000870 
240405/006,001217
240405/006,001387 
240405/006,002013
240405/006,002441 
240405/006,002452 
240405/006,002540 
240405/006,002541
240405/006,002575 
240405/006,002769 
240405/006,002847
240405/006,002894 
240405/002,000019
240405/002,000600
240405/002,000647 
240405/002,000745 
240405/002,001973 
240405/002,001974 
240405/002,001976 
240405/002,002132 
240405/003,000917
240405/003,001513 
240405/003,001621 
240405/003,001983 
240405/003,001994 
240405/003,002074 
240405/003,002553 
240405/003,002557 
240405/003,002599 
240405/003,002753 
240405/007,000013 
240405/007,000014 
240405/007,001067
240405/008,002074 
240405/009,000361 
240406/002,000405
240406/002,000632 
240406/002,002449
240406/002,002749
240406/003,000705 
240406/004,000187 
240406/004,001071
240406/004,001087 
240406/004,001088 
240406/004,001984 
240406/004,002006
240406/004,002043 
240406/004,002120 
240406/004,002122 
240406/004,002432 
240406/004,002511 
240406/004,002523 
240406/004,002580
240406/004,002843 
240406/004,002844 
240410/001,000317 
240410/001,000632 
240410/001,000996 
240410/001,001040
240410/001,001217
240410/001,001284 
240410/001,001508 
240410/001,001712 
240410/001,001858 
240410/001,002307 
240410/001,002357 
240410/001,002936 
240411/001,000581 
240411/001,000998 
240411/001,001012 
240411/001,001471
240411/001,001846 
240411/001,001987 
240411/001,001993 
240411/001,002084 
240411/001,002251 
240411/001,002256 
240411/001,002833 
240411/002,002283 
240412/003,000098 
240412/003,000289 
240412/003,000338 
240412/003,001363 
240412/003,001377 
240412/003,001499 
240412/003,001500 
240412/003,001501
240412/003,001503
240412/003,001563 
240412/003,001644
240412/003,001854 
240412/003,002001 
240412/003,002002 
240412/003,002006
240412/003,002074 
240412/003,002276 
240412/003,002562 
240412/003,002570
240412/003,002684 
240412/003,002685 
240412/003,002686 
240412/003,002687 
240412/003,002713 
240412/003,002960
240412/004,000405
240412/004,002218
240412/005,002127
240412/005,002659 
240412/005,002823 
240412/005,002827 
240412/005,002835 
240412/005,002872 
240412/005,002878 
240412/005,002913
240412/005,002914
240412/005,002932 
240412/005,002980
240412/006,000525 
240412/007,000870 
240412/007,001594 
240412/007,001848
240412/007,002145 
240412/007,002551 
240413/001,000871 
240413/001,000921
240413/001,001249
240413/001,001401 
240413/001,001476 
240413/001,001844 
240413/001,002139 
240413/001,002144 
240413/001,002248 
240413/001,002867 
240413/001,002868 
240413/004,000459 
240413/004,002074 
240413/004,002879 
240413/004,002880 
240413/004,002885 
240413/005,001002 
240413/005,001003 
240413/005,001101 
240413/005,001149 
240413/005,001204 
240413/005,001355 
240413/005,001450 
240413/005,001511 
240413/005,001646 
240413/005,001843 
240413/005,001953 
240413/005,001955 
240413/005,002395 
240413/005,002738 
240413/007,001622
240413/007,001648 
240413/007,001989 
240413/007,002043 
240413/007,002237 
240413/007,002843 
240413/007,002855 
240413/007,002892 
240413/007,002959
240414/003,000430 
240414/003,000634 
240414/003,000690 
240414/003,000767 
240414/003,000770 
240414/003,000796 
240414/003,001048
240414/003,001050
240414/003,001090
240414/003,001649 
240414/003,001671 
240414/003,001804 
240413/006,001352 
240413/006,001394
240413/006,001395
240413/006,002238 
240413/006,002377 
240413/006,002517 
240413/006,002822 
240413/006,002852 
240413/006,002952 
240417/001,001703 
240418/001,000511 
240418/001,000649
240418/001,000876 
240418/001,001053
240418/001,001980
240418/001,002268 
240418/001,002323 
240418/001,002668 
240418/001,002674 
240420/005,000696 
240420/005,000828 
240420/005,000830 
240422/002,001352 
240422/002,001470 
240422/002,001629
240422/002,001983 
240422/002,002499 
240422/002,002503 
240422/002,002517 
240422/002,002779 
240422/002,002957
240420/002,000720 
240420/002,000923
240420/002,000974 
240420/002,001071
240420/002,001362 
240420/002,001471
240420/002,001474
240420/002,001521 
240420/002,001567 
240420/002,001644
240420/002,001739
240420/002,001991 
240420/002,002014 
240420/002,002103
240420/002,002110 
240420/002,002130 
240420/002,002185 
240420/002,002237 
240420/002,002250 
240420/002,002285 
240420/002,002376 
240420/002,002438
240420/002,002460 
240420/002,002472 
240420/002,002515 
240420/002,002546 
240420/002,002606 
240420/003,000695 
240420/003,000998 
240420/003,001511 
240420/003,002043 
240420/003,002115 
240420/003,002122 
240420/003,002151 
240420/003,002251 
240420/003,002320 
240420/003,002433 
240420/003,002439
240420/003,002449
240420/003,002522 
240420/003,002600 
240420/003,002605 
240420/003,002609 
240420/003,002749
240420/004,000063 
240420/004,000141 
240420/004,000142 
240420/004,000143
240420/004,000306 
240420/004,000371 
240420/004,000372 
240420/004,001058
240420/004,001116 
240420/004,001283 
240420/004,001360 
240420/004,001387 
240420/004,002131 
240420/004,002144 
240420/004,002171 
240420/004,002197 
240420/004,002246 
240420/004,002253 
240420/004,002333 
240420/004,002383 
240421/001,000112 
240421/001,000632 
240421/001,000695 
240421/001,000847 
240421/001,001010 
240421/001,001254 
240421/001,001255 
240421/001,001256 
240421/001,001257 
240421/001,001284 
240421/001,001353 
240421/001,001404
240421/001,001446 
240421/001,001648 
240421/001,002110 
240421/001,002169 
240421/001,002254 
240421/001,002274 
240421/001,002319 
240421/001,002334 
240414/002,000021
240414/002,000368 
240414/002,000381 
240414/002,000759 
240414/002,000869 
240414/002,001144 
240414/002,001170 
240414/002,001171 
240414/002,001617 
240414/002,001656 
240414/002,001720 
240414/002,001844 
240414/002,001852 
240424/001,001477 
240424/001,001893 
240424/001,002202 
240424/001,002324 
240424/001,002325 
240424/001,002376 
240424/001,002416 
240424/001,002435 
240424/001,002578 
240425/002,000422 
240425/002,000720 
240425/002,000902 
240425/002,001567 
240425/002,001701 
240425/002,001989 
240425/002,002144 
240425/002,002151 
240425/002,002246 
240425/002,002558 
240425/002,002749
240425/002,002869 
240425/002,002874 
240425/002,002908 
240425/002,002939 
240425/002,002944 
240425/003,000039 
240425/003,000383 
240425/003,000749 
240425/003,000750 
240425/003,000865 
240425/003,001084 
240425/003,001116 
240425/003,001504
240425/003,001553
240425/003,001808 
240425/003,001837 
240425/003,002096 
240425/003,002132 
240425/003,002715 
240425/003,002754 
240425/003,002864 
240425/003,002873 
240425/003,002876 
240425/003,002887 
240425/003,002919 
240425/003,002932 
240425/003,002962 
240425/003,002963 
240427/001,000702 
240427/001,001189 
240428/001,002547 
240428/001,002548 
240428/001,002549 
240428/001,002550 
240428/001,002551 
240428/001,002553 
240428/001,002554 
240428/001,002557 
240428/001,002562 
240428/001,002563 
240428/001,002565 
240428/001,002569
240428/001,002570
240428/001,002580
240428/001,002581
240428/001,002586
240428/001,002599 
240428/001,002605 
240428/001,002606 
240428/001,002607
240428/001,002608
240428/001,002718 
240428/001,002826 
240428/001,002827 
240428/001,002828 
240426/003,000687 
240426/003,000789 
240426/003,000917
240426/003,000974 
240426/003,001046
240426/003,001290 
240426/003,001503
240426/003,002002 
240426/003,002134
240426/003,002185
240426/003,002280 
240426/003,002307 
240426/003,002438
240426/003,002449
240426/003,002576
240426/003,002758 
240426/003,002765 
240426/003,002766 
240426/003,002935 
240426/003,002946 
240426/003,002948 
240426/003,002960
240425/001,000077 
240425/001,000078 
240425/001,000430 
240425/001,001048
240425/001,001050
240425/001,001230 
240425/001,001618 
240425/001,001623
240425/001,001894
240425/001,002014 
240425/001,002255 
240425/001,002555 
240425/001,002561 
240425/001,002566 
240425/001,002567 
240425/001,002824 
240425/001,002825 
240425/001,002835 
240425/001,002843 
240425/001,002844 
240425/001,002852 
240425/001,002857 
240425/001,002865 
240425/001,002866 
240425/001,002872 
240425/001,002877 
240425/001,002878 
240425/004,000520 
240425/004,000522 
240425/004,000791 
240425/004,000905 
240425/004,000995
240425/004,001186 
240425/004,002077 
240425/004,002265 
240425/004,002294 
240426/001,002879 
240426/001,002880 
240426/001,002881 
240426/001,002882 
240426/001,002885 
240426/002,000013 
240426/002,000014 
240426/002,000289 
240426/002,000290 
240426/002,001023 
240426/002,001542 
240426/002,001789 
240426/002,002011 
240426/002,002120 
240426/002,002233 
240426/002,002582
240426/002,002659 
240426/002,002989 
240426/005,000972
240426/005,001475 
240426/005,001476 
240426/005,001653 
240426/005,002823 
240426/005,002831 
240426/005,002997 
240426/006,000051
240426/006,000212 
240426/006,000745 
240426/006,000759 
240426/006,000866 
240426/006,000869 
240426/006,000871 
240426/006,000894 
240426/006,000921
240426/006,001046
240426/006,001149 
240426/006,001206
240426/006,001228 
240426/006,001390
240426/006,001595 
240426/006,001596 
240426/006,001637 
240426/006,001645
240426/006,001654 
240426/006,001851 
240426/006,001858 
240426/006,001923 
240426/006,001924 
240426/006,001928 
240426/006,001958 
240426/006,002084 
240426/006,002583 
240426/007,000767 
240426/007,001745 
240427/003,001403
240427/003,001511 
240427/003,001512 
240427/003,001847
240427/003,001986 
240427/003,002135
240427/003,002251 
240427/003,002867 
240427/003,002868 
240426/004,000012 
240426/004,000022
240426/004,000066 
240426/004,000319 
240426/004,000467 
240426/004,000505
240426/004,000757 
240426/004,000764 
240426/004,000766 
240426/004,000781 
240426/004,000947 
240426/004,001088 
240426/004,001151
240426/004,001217
240426/004,001244 
240426/004,001297 
240426/004,001376 
240426/004,001474
240426/004,001477 
240426/004,001521 
240426/004,001613 
240426/004,001617 
240426/004,001631 
240426/004,001642
240426/004,001650 
240426/004,002103
240427/002,000021
240427/002,000525 
240427/002,001629
240427/002,002003 
240427/002,002748 
240427/004,002940 
240430/002,000192 
240430/002,000322 
240430/002,000324 
240430/002,000699 
240430/002,001004 
240430/002,002171 
240430/002,002267 
240430/002,002304 
240430/001,000054 
240430/001,000289 
240430/001,001390
240430/001,001713 
240430/001,001714 
240430/001,001716 
240430/001,001717 
240430/001,002568 
240430/001,002579 
240430/001,002582
240430/001,002770 
240430/001,002872 
240430/001,002878 
240501/002,000547
240501/002,001238
240501/002,001982 
240501/002,001995 
240501/002,001996 
240501/002,002207 
240501/002,002210 
240501/002,002498 
240501/002,002511 
240501/002,002544 
240501/002,002757 
240501/002,002936 
240501/003,000361 
240502/001,000542 
240502/001,000697 
240502/001,000967 
240502/001,001031
240502/001,001075
240502/001,001652 
240502/001,001655 
240502/001,002572 
240504/001,000322 
240504/001,000949 
240504/001,001116 
240504/001,002759 
240501/001,000841 
240501/001,002206 
240501/001,002276 
240509/002,000214 
240509/002,000255 
240509/002,000548
240509/002,000781 
240509/002,000864 
240509/002,001025
240509/002,001075
240509/002,001284 
240509/002,001359 
240509/002,001391 
240509/002,002529 
240509/002,002576
240509/002,002888 
240509/002,002889 
240509/002,002899 
240509/002,002900 
240509/001,000362 
240509/001,000558
240509/001,001994 
240509/001,002454 
240509/001,002461 
240509/001,002562 
240509/001,002607 
240509/001,002608 
240509/001,002843 
240509/001,002844 
240509/001,002857 
240509/001,002862 
240509/001,002865 
240509/001,002866 
240509/001,002871 
240509/001,002877 
240509/001,002908 
240509/001,002911 
240509/001,002921 
240509/001,002939 
240509/001,002940 
240509/001,002941 
240509/001,002944 
240509/001,002949 
240509/001,002951 
240509/001,002956 
240509/001,002960
240509/001,002972 
240509/001,002977 
240509/001,002978 
240510/002,000192 
240510/002,000800 
240510/002,000917
240510/002,001206
240510/002,001352 
240510/002,001987 
240510/002,002074 
240510/002,002554 
240510/002,002581
240510/002,002586
240510/002,003007
240511/001,000112 
240511/001,000248 
240511/001,000249 
240511/001,000250 
240511/001,000511 
240511/001,000587 
240511/001,000695 
240511/001,000701 
240511/001,000998 
240511/001,001511 
240511/001,002043 
240511/001,002115 
240511/001,002122 
240511/001,002151 
240511/001,002251 
240511/001,002320 
240511/001,002433 
240511/001,002439
240511/001,002440
240511/001,002449
240511/001,002522 
240511/001,002600 
240511/001,002605 
240511/001,002718 
240511/001,002719 
240511/001,002749
240510/003,000405
240510/003,000948 
240510/003,002117 
240510/003,002127
240510/003,002515 
240510/003,002542 
240510/003,002823 
240510/003,002824 
240510/003,002827 
240510/003,002835 
240510/003,002872 
240510/003,002878 
240510/003,002913
240510/003,002914
240510/003,002932 
240510/003,002945 
240510/003,002958 
240510/003,002961 
240510/003,002980
240511/003,000551 
240511/003,000704 
240511/003,001046
240511/003,001085 
240511/003,001088 
240511/003,001234
240511/003,001392
240511/003,001508 
240511/003,001851 
240511/003,002002 
240511/003,002149 
240511/003,002444 
240511/003,002460 
240511/003,002491 
240511/003,002529 
240511/003,002578 
240511/003,002580
240511/003,002598 
240511/003,002609 
240511/003,002659 
240511/003,002758 
240511/005,000351 
240511/005,000857 
240511/005,001189 
240511/005,002005
240511/005,002307 
240511/005,002321 
240511/005,002434 
240511/005, 002504 
240511/005, 002936 
240511/005, 002981
240511/006, 000065 
240511/006, 000827 
240511/006, 000836 
240511/006, 000921
240511/006, 001024
240511/006, 001094
240511/006, 001131
240511/006, 001517 
240511/006, 001837 
240511/006, 002201
240511/006, 002550 
